[{"model": "auth.permission", "pk": 1, "fields": {"name": "Can add log entry", "content_type": 1, "codename": "add_logentry"}}, {"model": "auth.permission", "pk": 2, "fields": {"name": "Can change log entry", "content_type": 1, "codename": "change_logentry"}}, {"model": "auth.permission", "pk": 3, "fields": {"name": "Can delete log entry", "content_type": 1, "codename": "delete_logentry"}}, {"model": "auth.permission", "pk": 4, "fields": {"name": "Can view log entry", "content_type": 1, "codename": "view_logentry"}}, {"model": "auth.permission", "pk": 5, "fields": {"name": "Can add permission", "content_type": 2, "codename": "add_permission"}}, {"model": "auth.permission", "pk": 6, "fields": {"name": "Can change permission", "content_type": 2, "codename": "change_permission"}}, {"model": "auth.permission", "pk": 7, "fields": {"name": "Can delete permission", "content_type": 2, "codename": "delete_permission"}}, {"model": "auth.permission", "pk": 8, "fields": {"name": "Can view permission", "content_type": 2, "codename": "view_permission"}}, {"model": "auth.permission", "pk": 9, "fields": {"name": "Can add group", "content_type": 3, "codename": "add_group"}}, {"model": "auth.permission", "pk": 10, "fields": {"name": "Can change group", "content_type": 3, "codename": "change_group"}}, {"model": "auth.permission", "pk": 11, "fields": {"name": "Can delete group", "content_type": 3, "codename": "delete_group"}}, {"model": "auth.permission", "pk": 12, "fields": {"name": "Can view group", "content_type": 3, "codename": "view_group"}}, {"model": "auth.permission", "pk": 13, "fields": {"name": "Can add user", "content_type": 4, "codename": "add_user"}}, {"model": "auth.permission", "pk": 14, "fields": {"name": "Can change user", "content_type": 4, "codename": "change_user"}}, {"model": "auth.permission", "pk": 15, "fields": {"name": "Can delete user", "content_type": 4, "codename": "delete_user"}}, {"model": "auth.permission", "pk": 16, "fields": {"name": "Can view user", "content_type": 4, "codename": "view_user"}}, {"model": "auth.permission", "pk": 17, "fields": {"name": "Can add content type", "content_type": 5, "codename": "add_contenttype"}}, {"model": "auth.permission", "pk": 18, "fields": {"name": "Can change content type", "content_type": 5, "codename": "change_contenttype"}}, {"model": "auth.permission", "pk": 19, "fields": {"name": "Can delete content type", "content_type": 5, "codename": "delete_contenttype"}}, {"model": "auth.permission", "pk": 20, "fields": {"name": "Can view content type", "content_type": 5, "codename": "view_contenttype"}}, {"model": "auth.permission", "pk": 21, "fields": {"name": "Can add session", "content_type": 6, "codename": "add_session"}}, {"model": "auth.permission", "pk": 22, "fields": {"name": "Can change session", "content_type": 6, "codename": "change_session"}}, {"model": "auth.permission", "pk": 23, "fields": {"name": "Can delete session", "content_type": 6, "codename": "delete_session"}}, {"model": "auth.permission", "pk": 24, "fields": {"name": "Can view session", "content_type": 6, "codename": "view_session"}}, {"model": "auth.permission", "pk": 25, "fields": {"name": "Can add producto", "content_type": 7, "codename": "add_producto"}}, {"model": "auth.permission", "pk": 26, "fields": {"name": "Can change producto", "content_type": 7, "codename": "change_producto"}}, {"model": "auth.permission", "pk": 27, "fields": {"name": "Can delete producto", "content_type": 7, "codename": "delete_producto"}}, {"model": "auth.permission", "pk": 28, "fields": {"name": "Can view producto", "content_type": 7, "codename": "view_producto"}}, {"model": "auth.permission", "pk": 29, "fields": {"name": "Can add usuario", "content_type": 8, "codename": "add_usuario"}}, {"model": "auth.permission", "pk": 30, "fields": {"name": "Can change usuario", "content_type": 8, "codename": "change_usuario"}}, {"model": "auth.permission", "pk": 31, "fields": {"name": "Can delete usuario", "content_type": 8, "codename": "delete_usuario"}}, {"model": "auth.permission", "pk": 32, "fields": {"name": "Can view usuario", "content_type": 8, "codename": "view_usuario"}}, {"model": "auth.permission", "pk": 33, "fields": {"name": "Can add promocion", "content_type": 9, "codename": "add_promocion"}}, {"model": "auth.permission", "pk": 34, "fields": {"name": "Can change promocion", "content_type": 9, "codename": "change_promocion"}}, {"model": "auth.permission", "pk": 35, "fields": {"name": "Can delete promocion", "content_type": 9, "codename": "delete_promocion"}}, {"model": "auth.permission", "pk": 36, "fields": {"name": "Can view promocion", "content_type": 9, "codename": "view_promocion"}}, {"model": "contenttypes.contenttype", "pk": 1, "fields": {"app_label": "admin", "model": "logentry"}}, {"model": "contenttypes.contenttype", "pk": 2, "fields": {"app_label": "auth", "model": "permission"}}, {"model": "contenttypes.contenttype", "pk": 3, "fields": {"app_label": "auth", "model": "group"}}, {"model": "contenttypes.contenttype", "pk": 4, "fields": {"app_label": "auth", "model": "user"}}, {"model": "contenttypes.contenttype", "pk": 5, "fields": {"app_label": "contenttypes", "model": "contenttype"}}, {"model": "contenttypes.contenttype", "pk": 6, "fields": {"app_label": "sessions", "model": "session"}}, {"model": "contenttypes.contenttype", "pk": 7, "fields": {"app_label": "examenFormularios", "model": "producto"}}, {"model": "contenttypes.contenttype", "pk": 8, "fields": {"app_label": "examenFormularios", "model": "usuario"}}, {"model": "contenttypes.contenttype", "pk": 9, "fields": {"app_label": "examenFormularios", "model": "promocion"}}, {"model": "examenFormularios.usuario", "pk": 1, "fields": {"nombre": "Loss follow room. Minute next fund bar.", "edad": -2631}}, {"model": "examenFormularios.usuario", "pk": 2, "fields": {"nombre": "Person affect that another personal.", "edad": -2612}}, {"model": "examenFormularios.usuario", "pk": 3, "fields": {"nombre": "Civil can maintain look case lawyer hope. Not writer tell responsibility.", "edad": 13210}}, {"model": "examenFormularios.usuario", "pk": 4, "fields": {"nombre": "Fill remain mind pull. Shake history sell miss current language gun.", "edad": -31133}}, {"model": "examenFormularios.usuario", "pk": 5, "fields": {"nombre": "Professor interview method watch. Step always garden scene station bad degree.", "edad": -27920}}, {"model": "examenFormularios.usuario", "pk": 6, "fields": {"nombre": "Employee even grow happy woman student. Leg follow product.", "edad": -28653}}, {"model": "examenFormularios.usuario", "pk": 7, "fields": {"nombre": "Visit notice include foreign.", "edad": -515}}, {"model": "examenFormularios.usuario", "pk": 8, "fields": {"nombre": "Body rise pull theory. Call argue evidence happen large issue really.", "edad": 23382}}, {"model": "examenFormularios.usuario", "pk": 9, "fields": {"nombre": "Ever table affect. Because drop explain parent debate.", "edad": -2174}}, {"model": "examenFormularios.usuario", "pk": 10, "fields": {"nombre": "Administration their necessary lawyer.", "edad": 18954}}, {"model": "examenFormularios.usuario", "pk": 11, "fields": {"nombre": "Place character list deep loss lot prepare. Time act history one beautiful.", "edad": 31237}}, {"model": "examenFormularios.usuario", "pk": 12, "fields": {"nombre": "Condition think account investment game west town. Particular against stage not.", "edad": 24183}}, {"model": "examenFormularios.usuario", "pk": 13, "fields": {"nombre": "Couple reason detail add fill recent. Guess total risk economy employee third.", "edad": -31125}}, {"model": "examenFormularios.usuario", "pk": 14, "fields": {"nombre": "Most reveal perhaps certain early soon talk.\nMovie series thousand measure raise skin.", "edad": -20629}}, {"model": "examenFormularios.usuario", "pk": 15, "fields": {"nombre": "Only appear set simply. Someone few home though meet. Number style your almost cup.", "edad": 8568}}, {"model": "examenFormularios.producto", "pk": 1, "fields": {"nombre": "Government police foreign morning commercial game late rise. Health after serious.", "puede_tener_promociones": true}}, {"model": "examenFormularios.producto", "pk": 2, "fields": {"nombre": "Everything on sea could agree future heavy. Color where with rest why person will history.", "puede_tener_promociones": true}}, {"model": "examenFormularios.producto", "pk": 3, "fields": {"nombre": "Government just approach.", "puede_tener_promociones": true}}, {"model": "examenFormularios.producto", "pk": 4, "fields": {"nombre": "Week computer fine high service behind.", "puede_tener_promociones": true}}, {"model": "examenFormularios.producto", "pk": 5, "fields": {"nombre": "Police act official arm marriage. Discussion white really grow matter player.", "puede_tener_promociones": true}}, {"model": "examenFormularios.producto", "pk": 6, "fields": {"nombre": "He think magazine American. Arm adult doctor stay produce week. Cold fear finish theory speech we.", "puede_tener_promociones": true}}, {"model": "examenFormularios.producto", "pk": 7, "fields": {"nombre": "Door sometimes event. Partner computer author four series.", "puede_tener_promociones": true}}, {"model": "examenFormularios.producto", "pk": 8, "fields": {"nombre": "Road appear example. Letter reason physical alone increase main.", "puede_tener_promociones": true}}, {"model": "examenFormularios.producto", "pk": 9, "fields": {"nombre": "A voice land require everybody smile should. Community practice education future two perhaps.", "puede_tener_promociones": true}}, {"model": "examenFormularios.producto", "pk": 10, "fields": {"nombre": "Health student political about you can people fight. Term individual others. Change issue bad.", "puede_tener_promociones": true}}, {"model": "examenFormularios.producto", "pk": 11, "fields": {"nombre": "Account real hot off quickly sport.", "puede_tener_promociones": true}}, {"model": "examenFormularios.producto", "pk": 12, "fields": {"nombre": "Sing while indeed new which south.", "puede_tener_promociones": true}}, {"model": "examenFormularios.producto", "pk": 13, "fields": {"nombre": "Pull return rock structure. Senior community dinner long share eight.\nLess authority agreement.", "puede_tener_promociones": true}}, {"model": "examenFormularios.producto", "pk": 14, "fields": {"nombre": "Expert ground make movement person yourself country. Blue as event relate already same.", "puede_tener_promociones": true}}, {"model": "examenFormularios.producto", "pk": 15, "fields": {"nombre": "Finish our arm more next city foreign. Drive identify general able win throughout remember.", "puede_tener_promociones": true}}, {"model": "examenFormularios.promocion", "pk": 1, "fields": {"nombre": "Shake alone reality throughout. Recent business modern ball.", "descripcion": "Year story adult member wide local. Success partner grow more.", "activa": true, "inicio_promo": "1971-12-20", "fin_promo": "1973-02-04", "descuento": 10360, "producto": 10, "usuarios": [1, 3, 8]}}, {"model": "examenFormularios.promocion", "pk": 2, "fields": {"nombre": "Decade office money single. Answer product in two.", "descripcion": "Where run writer control value guess. Add believe that way.\nInvestment next couple former arm lead. Rule nation light final. Year field per religious end.", "activa": false, "inicio_promo": "2000-10-08", "fin_promo": "1987-08-08", "descuento": -17410, "producto": 8, "usuarios": [7]}}, {"model": "examenFormularios.promocion", "pk": 3, "fields": {"nombre": "Collection like brother candidate dog unit nice.", "descripcion": "Everybody program thank bar out. Beat deep recognize challenge compare go place.", "activa": false, "inicio_promo": "2004-10-25", "fin_promo": "2019-07-01", "descuento": 5002, "producto": 11, "usuarios": [6]}}, {"model": "examenFormularios.promocion", "pk": 4, "fields": {"nombre": "Television nothing through chair hand support.", "descripcion": "Never anyone mention international you government well draw. Fight few dinner though suffer. Protect debate hope down.\nSenior model building reason physical often. Eight let Mrs where.", "activa": true, "inicio_promo": "2004-05-09", "fin_promo": "1981-02-18", "descuento": -14175, "producto": 12, "usuarios": [13]}}, {"model": "examenFormularios.promocion", "pk": 5, "fields": {"nombre": "Dog enter design what. Less property away agree teach probably Republican.", "descripcion": "Vote respond about page suddenly good factor they. Design miss baby plan accept fill final. Allow idea hand finish nearly sound any. Rate receive firm although another expert discover minute.", "activa": true, "inicio_promo": "1981-01-31", "fin_promo": "1984-01-28", "descuento": 22442, "producto": 12, "usuarios": [3, 11]}}, {"model": "examenFormularios.promocion", "pk": 6, "fields": {"nombre": "Glass natural ready employee her sign price certain. Sport walk similar. Different onto reach.", "descripcion": "Again thought above page. School music the site goal campaign. Worker school degree however.\nPrepare however surface detail final yes however hold. Contain director when yourself.", "activa": false, "inicio_promo": "2003-10-11", "fin_promo": "2021-11-18", "descuento": 7542, "producto": 13, "usuarios": [6, 7, 9, 14]}}, {"model": "examenFormularios.promocion", "pk": 7, "fields": {"nombre": "Will cup add himself degree more eat. Hospital region effort improve catch ten.", "descripcion": "Order doctor citizen recognize then site fast friend. Show offer service others western.\nCost knowledge kind bank trial down. Thing both wish suggest soldier third.", "activa": true, "inicio_promo": "1993-11-21", "fin_promo": "1993-11-14", "descuento": -22093, "producto": 7, "usuarios": [5, 6, 10, 12]}}, {"model": "examenFormularios.promocion", "pk": 8, "fields": {"nombre": "Science save something discuss. Condition maintain message computer everyone issue himself.", "descripcion": "Interest long least president word say country. Spring fall though kind. Say news across agree wear.\nLife Mrs task none. Leader music happy public cost customer.", "activa": false, "inicio_promo": "2020-01-21", "fin_promo": "2016-12-14", "descuento": 1082, "producto": 9, "usuarios": [2, 10]}}, {"model": "examenFormularios.promocion", "pk": 9, "fields": {"nombre": "Herself exist well deal fear. Day food white wide to somebody phone trouble.", "descripcion": "Certain song meeting daughter positive fish among mean. Between serve process instead.\nThough own one court Mr success. Health commercial speak growth quite.\nProve high wide there not leg hot.", "activa": false, "inicio_promo": "1991-01-01", "fin_promo": "1995-09-29", "descuento": -1916, "producto": 7, "usuarios": [8, 15]}}, {"model": "examenFormularios.promocion", "pk": 10, "fields": {"nombre": "Avoid poor need human my. Mr knowledge suddenly responsibility.", "descripcion": "Second stay capital. Certainly community coach shake purpose rest.\nOutside let nearly individual next. Investment eye religious three gas experience wife ok. Because outside page never.", "activa": true, "inicio_promo": "2013-07-04", "fin_promo": "1979-12-11", "descuento": 14119, "producto": 6, "usuarios": [2, 12]}}, {"model": "examenFormularios.promocion", "pk": 11, "fields": {"nombre": "Close some provide everybody. Available although white TV myself he hold that.", "descripcion": "Far away today anyone meeting item serious. Make public development beyond follow station take. Matter thus style police life produce include. Gun yes between away already school.", "activa": false, "inicio_promo": "1984-04-06", "fin_promo": "2004-11-10", "descuento": -12287, "producto": 3, "usuarios": [11]}}, {"model": "examenFormularios.promocion", "pk": 12, "fields": {"nombre": "Star who number national. Whether these program compare lay. Deep star push nice me.", "descripcion": "Feel coach street what. Recognize significant city enough.\nRoom small group measure hot.", "activa": true, "inicio_promo": "1985-08-17", "fin_promo": "1973-01-12", "descuento": 1495, "producto": 13, "usuarios": [7, 9]}}, {"model": "examenFormularios.promocion", "pk": 13, "fields": {"nombre": "Network show appear everyone. Yard article no candidate unit plant story.", "descripcion": "Marriage recently board amount item same high window. Major leader study education.", "activa": true, "inicio_promo": "1993-12-18", "fin_promo": "2005-10-29", "descuento": 32619, "producto": 13, "usuarios": [1, 8, 14]}}, {"model": "examenFormularios.promocion", "pk": 14, "fields": {"nombre": "Fear such usually. Always development concern describe right structure.", "descripcion": "Down single middle turn west. Phone political would remember development agent impact. Role bring theory because growth analysis me.\nWater last sister break minute American anyone management.", "activa": false, "inicio_promo": "1992-09-01", "fin_promo": "1970-06-21", "descuento": 13837, "producto": 15, "usuarios": [1, 4]}}, {"model": "examenFormularios.promocion", "pk": 15, "fields": {"nombre": "Matter food effort material walk then.", "descripcion": "Assume beat day focus bank about. Pretty west other instead accept yet me toward.", "activa": true, "inicio_promo": "1991-12-04", "fin_promo": "1977-04-15", "descuento": 5298, "producto": 6, "usuarios": [1, 6]}}]